Model,Accuracy,ROC AUC
Random Forest,0.7918513184134722,0.8893338602060864
Logistic Regression,0.71490693551961,0.7826615634487717
Gradient Boosting,0.6987314424994461,0.749208750756366
